SID,ts1axdp,ts1dep,ts1smc,ts1sopr,ts1agg,ts1att,ts1inp,ts1mtv,ts1eng,ts1ssk,ts1mth,ts1read,ts1crit,ts1skl,ts1enab,ts1cls,ts1cnf
1101.0,1.0,1.125,1.0,1.0,1.0,1.0384615384615385,5.0,5.0,5.0,5.0,4.0,4.333333333333333,4.0,4.071428571428571,5.0,3.3125,1.0
1102.0,1.125,1.3125,1.0,1.0,1.0,1.0,4.8,4.5,4.125,4.5,3.0,3.0,3.0,3.0,4.5,3.1875,1.0
1103.0,1.125,1.25,1.0,1.1818181818181817,1.0,1.4423076923076923,4.3,4.1,4.25,3.75,3.5,2.5,3.5,3.392857142857143,4.111111111111112,3.3125,1.5714285714285714
1104.0,1.125,1.3125,1.0,1.0,1.075,1.25,3.7,3.9,3.75,4.0,3.0,3.3333333333333335,3.0,3.071428571428571,3.833333333333333,2.5,3.142857142857143
1105.0,1.0,1.0625,1.0,1.0,1.0,1.0576923076923077,4.5,4.1,3.5,4.5,3.5,3.0,3.5,3.5,4.166666666666667,2.5,1.0714285714285714
1106.0,1.0,1.125,1.0,1.1363636363636362,1.05,1.5384615384615385,3.7,1.9,2.375,2.375,2.0,1.1666666666666667,2.0,1.8214285714285714,2.611111111111111,3.0625,1.3571428571428572
1107.0,1.0,1.125,1.0,1.0,1.05,1.3846153846153846,4.7,2.9,3.875,3.0,3.0,3.2,3.0,3.0384615384615383,3.638888888888889,3.625,1.0
1108.0,1.15625,1.0625,1.0,1.0,1.025,1.0576923076923077,4.4,4.7,4.5,4.375,3.5,3.0,3.5,3.5,4.5,3.8125,1.3571428571428572
1109.0,1.0,1.125,1.0,1.0,1.075,1.2884615384615383,4.0,3.0,3.5,3.875,3.0,3.0,3.0,3.0,3.583333333333333,3.375,1.5714285714285714
1110.0,1.03125,1.25,1.0555555555555556,1.0,1.0,1.326923076923077,3.2,2.0,2.25,2.875,2.5,2.0,2.5,2.5,2.5833333333333335,2.75,1.0
1111.0,1.0,1.0,1.0,1.0,1.0,1.0,5.0,5.0,5.0,5.0,3.5,4.0,4.0,3.857142857142857,5.0,3.3125,1.0
1112.0,1.09375,1.375,1.0,1.0,1.0,1.0,4.9,4.7,4.375,4.75,3.5,3.0,3.5,3.5,4.694444444444445,2.625,1.4285714285714286
1201.0,1.0625,1.125,1.0,1.1363636363636362,1.125,1.8846153846153846,4.199999999999999,2.0,3.375,2.125,2.5,3.0,2.5,2.5,2.9444444444444446,4.875,1.2857142857142856
1202.0,1.0,1.0,1.0,1.0,1.0,1.0192307692307692,5.0,4.9,5.0,5.0,3.0,3.0,3.0,3.0,4.972222222222222,4.5625,1.0
1203.0,1.0625,1.0,1.0,1.0454545454545454,1.025,1.2884615384615383,5.0,4.2,4.625,4.0,2.5,3.0,2.5,2.5,4.472222222222222,4.625,1.0
1204.0,1.03125,1.0,1.0,1.0,1.05,1.1730769230769231,5.0,4.3,5.0,4.5,3.0,4.0,3.5,3.357142857142857,4.694444444444445,4.3125,1.0
1205.0,1.0,1.0,1.0,1.0,1.0,1.0,5.0,4.9,5.0,5.0,3.0,3.0,3.0,3.0,4.961538461538462,3.6875,1.0
1206.0,1.0,1.0,1.0,1.0,1.025,1.2115384615384617,5.0,4.3,5.0,3.75,3.0,3.0,3.0,3.0,4.527777777777778,4.25,1.0
1207.0,1.0,1.0625,1.0,1.0454545454545454,1.05,1.1592307692307693,5.0,4.6,4.75,4.125,2.75,3.0,2.5,2.625,4.638888888888889,3.6875,1.0
1208.0,1.0,1.25,1.0,1.0,1.0,1.1923076923076923,5.0,2.5,2.875,2.0,2.875,3.0,2.75,2.8125,3.1666666666666665,4.0,1.0
1209.0,1.0,1.0625,1.0,1.0,1.0,1.0,5.0,4.9,4.5,5.0,3.0,3.0,3.0,3.0,4.861111111111111,3.75,1.0
1210.0,1.0,1.125,1.0,1.0,1.025,1.293076923076923,4.1,2.2,2.25,3.0,1.5,2.0,1.5,1.5,2.9166666666666665,3.5,1.5
1211.0,1.0,1.0625,1.0,1.0,1.0,1.0,5.0,5.0,5.0,5.0,3.0,3.0,3.0,3.0,5.0,4.0625,1.0
1212.0,1.03125,1.0625,1.0,1.0,1.0789473684210527,1.25,4.4,3.4,5.0,2.5,2.25,2.0,2.0,2.125,3.8333333333333335,4.625,1.2857142857142856
1213.0,1.0,1.0625,1.0,1.0,1.0,1.0192307692307692,5.0,5.0,5.0,5.0,3.0,3.0,3.0,3.0,5.0,4.6875,1.0
1214.0,1.25,1.6875,1.0,1.0,1.025,1.2307692307692308,4.2,1.7,1.375,2.125,1.0,1.0,1.0,1.0,2.4166666666666665,3.25,1.0
1216.0,1.0625,1.0625,1.0,1.0,1.025,1.0,5.0,3.7,4.0,4.25,3.0,3.0,3.0,3.0,4.196581196581196,4.375,1.0
1217.0,1.3125,1.25,1.1111111111111112,1.5,1.9839181286549707,2.1153846153846154,2.9,1.9,2.5,2.125,2.5,3.0,2.5,2.7142857142857144,2.361111111111111,3.625,2.2857142857142856
1301.0,1.0625,1.0625,1.0,1.1363636363636362,1.15,1.5576923076923077,4.2,4.0,4.75,3.125,4.375,3.5,3.875,3.8571428571428568,4.027777777777778,4.75,1.1428571428571428
1302.0,1.125,1.0625,1.0,1.0,1.0,1.0192307692307692,5.0,4.8,4.5,5.0,3.5,3.5,3.75,3.5714285714285716,4.833333333333334,4.6875,1.0
1303.0,1.0,1.0,1.0,1.0,1.025,1.25,3.9000000000000004,2.0,2.0,3.375,2.875,3.333333333333333,3.0,3.107142857142857,2.8333333333333335,4.8125,1.0
1304.0,1.03125,1.0625,1.0,1.0,1.0,1.0,5.0,4.4,4.75,4.625,3.5,4.0,3.75,3.7857142857142856,4.694444444444445,4.0625,1.0
1305.0,1.03125,1.0,1.0,1.0,1.0,1.0,5.0,4.8,5.0,5.0,4.5,4.5,4.625,4.535714285714286,4.944444444444445,5.0,1.0
1306.0,1.0625,1.0625,1.0,1.0,1.0,1.0576923076923077,5.0,4.8,4.75,5.0,3.75,4.0,4.125,3.9642857142857144,4.888888888888889,4.9375,1.0
1307.0,1.0625,1.0625,1.0,1.0,1.0,1.0,5.0,4.9,4.75,4.875,4.375,4.0,4.125,4.142857142857142,4.888888888888889,4.875,1.0
1308.0,1.125,1.3125,1.0,1.0,1.0,1.0,5.0,4.3,4.25,5.0,4.625,4.0,4.0,4.178571428571429,4.638888888888889,4.5,1.0
1309.0,1.15625,1.0625,1.0,1.0,1.0,1.0,5.0,4.8,4.5,5.0,3.75,3.5,3.875,3.6785714285714284,4.833333333333334,4.3125,1.0
1310.0,1.0,1.75,1.0,1.0,1.0,1.1923076923076923,3.6,2.5,1.625,3.75,2.5,2.5,2.5,2.5,2.888888888888889,3.1875,1.0
1311.0,1.09375,1.125,1.0,1.0,1.0,1.0192307692307692,5.0,4.9,4.5,4.875,4.375,4.0,4.375,4.214285714285714,4.833333333333334,4.5625,1.0
1312.0,1.0,1.0,1.0,1.0,1.0,1.0,5.0,4.9,4.875,5.0,4.375,4.583333333333334,4.625,4.535714285714286,4.944444444444445,4.4375,1.0
1313.0,1.0625,1.0625,1.0,1.0,1.0,1.0384615384615385,5.0,4.1,4.0,5.0,3.875,4.0,4.0,3.9642857142857144,4.527777777777778,4.75,1.0
1314.0,1.0,1.0,1.0,1.0,1.0,1.0192307692307692,5.0,4.5,4.5,5.0,3.875,3.5,3.75,3.678571428571429,4.75,4.5625,1.0
1315.0,1.0,1.4375,1.0,1.0,1.0,1.0592307692307692,4.4,4.3,3.0,4.75,3.125,3.916666666666667,3.5,3.571428571428571,4.138888888888889,3.3125,1.0
1316.0,1.0,1.0,1.0,1.0,1.0,1.0,5.0,4.6,4.625,5.0,4.875,4.5,4.375,4.571428571428571,4.805555555555555,4.625,1.0
1317.0,1.0,1.0625,1.0,1.0,1.0,1.0,5.0,5.0,4.625,5.0,4.125,4.5,4.5,4.392857142857142,4.916666666666666,4.625,1.0
1318.0,1.03125,1.0,1.0,1.0,1.025,1.356153846153846,4.7,3.2,3.5,3.0,4.25,4.0,4.375,4.178571428571429,3.638888888888889,4.375,1.2142857142857144
1319.0,1.03125,1.0,1.0,1.0,1.0,1.1730769230769231,4.9,4.3,4.75,4.125,3.75,3.916666666666667,4.0,3.892857142857143,4.527777777777778,4.8125,1.0714285714285714
1320.0,1.0,1.0,1.0,1.0,1.0,1.0,5.0,5.0,5.0,5.0,4.5,4.5,4.75,4.571428571428571,5.0,4.6875,1.0
1321.0,1.03125,1.0,1.0,1.0,1.0,1.0192307692307692,5.0,5.0,5.0,5.0,4.5,4.083333333333334,4.625,4.357142857142858,5.0,4.75,1.0
1322.0,1.0625,1.0,1.0555555555555556,1.0,1.325,1.5576923076923077,4.3,3.0999999999999996,3.875,3.875,3.875,3.5,4.0,3.75,3.7777777777777777,4.375,1.6428571428571428
1323.0,1.0625,1.0,1.0,1.15,1.35,1.9807692307692306,3.5,3.1,3.375,3.125,3.0,3.083333333333333,3.0,3.0357142857142856,3.2777777777777777,4.75,1.5714285714285716
1401.0,1.03125,1.125,1.0,1.0,1.025,1.0576923076923077,4.199999999999999,4.4,4.5,4.625,3.375,3.25,3.0,3.2142857142857144,4.416666666666667,3.125,1.7142857142857144
1402.0,1.0,1.0,1.0,1.0,1.0,1.0,5.0,4.3,4.125,4.375,3.125,3.0,3.0,3.0357142857142856,4.301282051282051,2.375,1.0
1403.0,1.0333333333333332,1.3571428571428572,1.0,1.0,1.0,1.096923076923077,4.4,3.5,2.625,4.625,2.5,3.0,3.0,2.857142857142857,3.8055555555555554,2.875,1.1428571428571428
1404.0,1.03125,1.25,1.0,1.0909090909090908,1.35,1.313076923076923,3.2,3.5,2.25,4.0,3.25,3.416666666666667,3.25,3.321428571428571,3.25,3.6875,2.5
1405.0,1.15625,1.1428571428571428,1.1666666666666665,1.3636363636363638,1.475,1.5,3.3,3.3,3.125,3.75,2.5,2.5,2.5,2.5,3.361111111111111,2.8125,2.2857142857142856
1406.0,1.0,1.1339285714285714,1.0,1.0,1.0,1.0384615384615383,5.0,4.7,3.625,4.625,3.5,3.583333333333333,3.5,3.5357142857142856,4.527777777777778,2.75,1.0
1407.0,1.0,1.0,1.0,1.0,1.0,1.0,4.3,4.6,4.25,4.75,3.0,3.0,3.0,3.0,4.472222222222222,1.875,1.0
1408.0,1.0,1.0,1.0,1.0,1.026315789473684,1.1153846153846154,4.4,4.2,4.0,4.25,3.0,3.0,3.0,3.0,4.198717948717949,3.125,1.2142857142857144
1409.0,1.0,1.3125,1.0,1.0,1.0,1.0,4.9,5.0,4.5,5.0,3.0,3.5,3.0,3.2142857142857144,4.861111111111111,3.0,1.0
1410.0,1.0,1.3125,1.0,1.1363636363636362,1.1578947368421053,1.1346153846153846,3.9,4.3,4.125,5.0,3.0,3.083333333333333,3.0,3.0357142857142856,4.305555555555555,2.1875,1.0
1411.0,1.0,1.25,1.0,1.0,1.0,1.0,4.699999999999999,4.8,4.5,5.0,3.5,3.5,3.5,3.5,4.75,2.1875,1.0
1412.0,1.0,1.0,1.0,1.0,1.0,1.0,4.8,4.7,4.375,4.875,3.5,3.5,3.5,3.5,4.694444444444445,3.3125,1.0
1413.0,1.125,1.1875,1.0,1.1363636363636362,1.4,1.6561538461538463,2.9,4.2,2.25,2.625,2.0,2.0,2.0,2.0,2.621794871794872,2.9375,1.4285714285714284
1414.0,1.0,1.0625,1.0,1.0,1.0,1.0,4.3,4.2,4.0,4.875,3.5,3.5,3.5,3.5,4.333333333333334,2.8125,1.0
1416.0,1.0333333333333332,1.25,1.1111111111111112,1.1363636363636362,1.263157894736842,1.5161538461538462,3.6,2.8,2.625,3.25,3.0,2.333333333333333,3.0,2.7142857142857144,3.083333333333333,2.9375,1.6428571428571428
1418.0,1.0,1.125,1.0,1.0,1.0,1.3269230769230769,4.8,2.6,2.25,2.75,2.0,1.8333333333333333,2.0,1.9285714285714286,3.166666666666667,2.6875,1.0714285714285714
1419.0,1.1875,1.3125,1.0,1.0,1.075,1.0384615384615383,4.6,4.6,4.375,4.625,4.0,4.0,4.0,4.0,4.555555555555555,2.8125,1.0
1422.0,1.375,1.2142857142857144,1.0,1.0,1.15,1.1569230769230767,4.8,3.8,2.875,4.125,3.0,3.0,3.0,3.0,3.944444444444444,3.5,1.2142857142857144
1501.0,1.0,1.0625,1.0,1.0,1.0,1.0,4.5,3.8,4.375,4.375,3.5,3.0,3.0,3.142857142857143,4.25,4.3125,1.5
1502.0,1.0,1.125,1.0555555555555556,1.0,1.0,1.0384615384615383,4.0,3.0,2.875,3.625,2.5,2.5,2.5,2.5,3.388888888888889,3.0,1.5
1503.0,1.0,1.0,1.0,1.0,1.0789473684210527,1.1538461538461537,4.0,3.7,4.25,3.625,3.5,3.5,3.5,3.5,3.888888888888889,3.5,2.2857142857142856
1504.0,1.03125,1.0625,1.0,1.0,1.0,1.0192307692307692,4.4,3.5,3.875,3.875,3.0,3.0,3.0,3.0,3.916666666666667,2.9375,2.0
1505.0,1.03125,1.0625,1.0,1.0909090909090908,1.15,1.6923076923076923,3.0,1.0,2.375,2.0,1.0,1.0,1.0,1.0,2.083333333333333,3.9375,2.428571428571429
1507.0,1.03125,1.0,1.0,1.227272727272727,1.4578947368421054,1.6538461538461537,3.2,3.5,4.125,3.875,2.5,2.5,2.5,2.5,3.638888888888889,3.8125,3.6428571428571432
1508.0,1.0,1.125,1.0,1.0,1.075,1.2884615384615383,3.8,2.75,3.0,3.125,2.0,2.0,2.0,2.0,3.1911764705882355,3.1875,2.0
1509.0,1.09375,1.0,1.0,1.0,1.2,1.0961538461538463,3.0,3.1,3.0,3.25,1.5,2.5,2.5,2.2142857142857144,3.083333333333333,4.0625,2.2857142857142856
1510.0,1.0,1.0,1.0,1.0,1.05,1.0,4.0,4.0,4.0,3.875,3.5,3.5,3.5,3.5,3.9722222222222223,3.4375,2.0
1511.0,1.1875,1.0625,1.0,1.0454545454545454,1.0,1.2692307692307692,3.8,2.8,3.25,2.875,1.5,1.5,1.5,1.5,3.1944444444444446,3.9375,2.0
1512.0,1.0,1.0625,1.0,1.0,1.0,1.0192307692307692,4.4,3.9,4.125,3.875,2.5,2.5,2.5,2.5,4.083333333333334,3.6875,2.142857142857143
1513.0,1.0,1.0,1.0,1.0454545454545454,1.15,1.08,4.1,4.0,4.375,3.875,3.0,3.5,3.5,3.357142857142857,4.083333333333333,4.125,2.0
1514.0,1.03125,1.0,1.1111111111111112,1.0454545454545454,1.0,1.0,5.0,4.5,4.75,4.5,2.0,2.5,2.5,2.357142857142857,4.694444444444445,3.9375,1.5
1515.0,1.0,1.0,1.0,1.0,1.0,1.0,4.5,3.5,3.75,3.875,2.5,2.5,2.5,2.5,3.916666666666667,3.375,2.0
1516.0,1.0,1.0,1.0,1.0454545454545454,1.1,1.2115384615384617,3.4,4.0,4.375,3.875,3.0,2.0,2.5,2.428571428571429,3.8888888888888893,4.0,2.5
1517.0,1.0625,1.0,1.0,1.227272727272727,1.15,1.3076923076923077,4.1,4.0,4.375,4.5,4.5,3.5,3.5,3.7857142857142856,4.222222222222222,3.1875,3.0
1518.0,1.03125,1.5625,1.0,1.5,1.15,1.6923076923076925,1.7,1.0,1.5,1.75,1.0,1.5,1.5,1.3571428571428572,1.4722222222222223,2.5,2.642857142857143
1519.0,1.0,1.0,1.0,1.0,1.025,1.2115384615384617,4.1,3.5,4.0,3.375,3.0,2.5,2.5,2.642857142857143,3.75,3.375,2.2857142857142856
1601.0,1.0,1.125,1.0555555555555556,1.0,1.0,1.1923076923076923,4.5,3.0,3.5,3.75,2.0,2.0,2.0,2.0,3.694444444444444,5.0,1.0
1602.0,1.0,1.0625,1.0,1.0454545454545454,1.125,1.2884615384615385,3.0,2.7,2.875,3.25,2.0,2.0,2.0,2.0,2.9444444444444446,4.0,2.0
1603.0,1.0,1.1875,1.0,1.0,1.0,1.0,5.0,3.7,3.75,4.625,2.5,2.666666666666667,2.75,2.642857142857143,4.277777777777778,2.8125,1.0
1604.0,1.0,1.0,1.0,1.0454545454545454,1.025,1.4615384615384617,4.3,2.3,2.875,2.625,2.0,2.166666666666667,2.125,2.107142857142857,3.0555555555555554,4.25,1.0
1605.0,1.0,2.375,1.0,1.0,1.105263157894737,1.5769230769230769,2.8,1.2,1.25,1.75,2.0,2.0,2.0,2.0,1.7777777777777777,3.0,1.0
1606.0,1.15625,1.9375,1.0,1.2727272727272727,1.025,1.1346153846153846,4.8,3.0,2.625,3.75,2.5,2.5,2.5,2.5,3.5833333333333335,3.75,1.0
1607.0,1.0,1.1875,1.0,1.0909090909090908,1.05,1.2307692307692308,3.6,5.0,4.625,4.25,4.125,4.0,4.375,4.142857142857143,4.361111111111111,4.5625,1.5
1608.0,1.03125,1.1875,1.0,1.0,1.0,1.0576923076923077,5.0,4.2,4.125,5.0,2.0,2.0,2.0,2.0,4.583333333333334,3.8125,1.0
1610.0,1.0,1.0,1.1111111111111112,1.0,1.1,1.3846153846153846,4.1,2.5,3.25,2.875,2.5,3.0,3.0,2.857142857142857,3.1944444444444446,4.0,1.2857142857142856
1611.0,1.0625,1.125,1.0,1.0,1.0,1.2692307692307692,4.4,2.2,2.375,2.875,1.5,2.0,1.5,1.7142857142857144,3.0,3.75,1.0
1612.0,1.0,1.0,1.0,1.0,1.0,1.0,5.0,5.0,5.0,5.0,4.5,4.5,4.5,4.5,5.0,4.5,1.0
1613.0,1.0,1.0,1.0,1.0454545454545454,1.0,1.0192307692307692,5.0,5.0,5.0,5.0,3.0,3.0,3.25,3.071428571428571,5.0,3.6875,1.0
1614.0,1.03125,1.0,1.0,1.0909090909090908,1.0750000000000002,1.2692307692307692,4.9,3.6,4.875,4.375,2.875,3.0,2.875,2.928571428571429,4.416666666666667,4.4375,1.2857142857142856
1615.0,1.0625,1.0625,1.0,1.0,1.0,1.0576923076923077,4.7,3.7,4.125,3.5,1.875,2.166666666666667,2.25,2.107142857142857,4.027777777777778,4.0625,1.0714285714285714
1616.0,1.0,1.125,1.0,1.0,1.0,1.0,5.0,4.4,4.5,5.0,3.0,3.5,3.375,3.321428571428571,4.722222222222222,4.3125,1.0
1617.0,1.03125,1.0,1.0,1.0,1.0,1.0,5.0,5.0,4.875,5.0,3.5,3.0,3.5,3.2857142857142856,4.972222222222222,4.4375,1.0
1618.0,1.0,1.0,1.0,1.0,1.0,1.1346153846153846,4.9,3.5,3.5,5.0,3.0,3.0,3.0,3.0,4.222222222222222,3.75,1.0714285714285714
1619.0,1.0,1.0625,1.0,1.0,1.0,1.0,5.0,5.0,4.25,5.0,3.0,3.0,3.0,3.0,4.833333333333334,4.125,1.0
1620.0,1.0,1.125,1.0,1.0,1.0,1.0,5.0,5.0,4.125,5.0,3.0,3.0,3.0,3.0,4.805555555555555,4.25,1.0
1622.0,1.0,1.0625,1.0,1.0454545454545454,1.0,1.1538461538461537,4.5,4.0,4.625,4.25,3.0,3.0,2.75,2.928571428571429,4.333333333333333,3.9375,1.1428571428571428
1623.0,1.0,1.0,1.0,1.1363636363636362,1.2,1.2884615384615383,4.0,3.9,4.583333333333334,3.5,3.0,3.0,3.0,3.0,4.098739495798319,4.125,1.6428571428571428
1624.0,1.0,1.0,1.0,1.0,1.0,1.0,5.0,4.3,4.875,4.375,2.5,3.0,2.875,2.821428571428571,4.638888888888889,3.375,1.0
1625.0,1.0,1.0,1.0,1.0,1.0,1.2307692307692308,4.7,2.3,2.875,2.375,2.0,2.0,2.0,2.0,3.111111111111111,3.375,1.0
1626.0,1.0,1.0,1.0,1.0,1.05,1.0961538461538463,4.9,4.7,4.75,5.0,3.375,3.5,3.25,3.392857142857143,4.833333333333334,4.25,1.0
1627.0,1.03125,1.0,1.0,1.0,1.0,1.0961538461538463,4.9,3.2,3.625,4.5,1.5,2.5,1.875,2.0357142857142856,4.055555555555555,4.875,1.0
1701.0,1.0,1.1875,1.0,1.0,1.0,1.0,4.8,3.7,3.875,5.0,3.0,3.25,3.5,3.25,4.333333333333333,3.8125,1.0
1702.0,1.03125,1.1875,1.0,1.0,1.0,1.0769230769230769,5.0,4.5,4.5,5.0,4.0,3.5,4.0,3.7857142857142856,4.75,3.5625,1.2142857142857144
1703.0,1.09375,1.4375,1.0,1.0454545454545454,1.125,1.326923076923077,4.0,2.7,2.75,4.0,3.5,3.0,3.0,3.142857142857143,3.361111111111111,2.8125,2.0
1704.0,1.0,1.5625,1.0,1.1863636363636365,1.35,1.2130769230769232,3.0,3.9,3.875,4.5,4.5,5.0,4.5,4.714285714285714,3.7777777777777777,1.9375,3.0
1705.0,1.0,1.0625,1.0,1.0454545454545454,1.15,1.3846153846153846,4.0,3.0,3.25,4.375,3.0,3.0,3.0,3.0,3.6388888888888893,3.4375,1.9285714285714286
1706.0,1.0625,1.125,1.0,1.0,1.0,1.0,5.0,4.4,4.25,5.0,4.0,4.0,4.25,4.071428571428571,4.666666666666667,3.5,1.0
1707.0,1.0,1.25,1.0,1.0,1.0,1.0192307692307692,4.4,3.8,3.125,5.0,4.0,3.5,3.5,3.642857142857143,4.083333333333334,2.3125,1.1428571428571428
1708.0,1.0,1.0,1.0,1.0,1.0,1.0,5.0,3.5,3.875,5.0,2.0,2.0,2.0,2.0,4.333333333333333,5.0,1.0
1709.0,1.09375,1.0,1.0,1.0,1.0,1.1184615384615384,5.0,3.2,3.75,5.0,2.0,2.083333333333333,2.5,2.178571428571429,4.222222222222222,4.625,1.0
1710.0,1.0625,1.0,1.0,1.0,1.0,1.0,4.5,4.1,5.0,5.0,4.0,4.0,4.0,4.0,4.611111111111111,4.0625,1.0
1711.0,1.0,1.0625,1.0,1.0,1.0,1.0,5.0,4.9,4.375,5.0,4.0,4.0,4.0,4.0,4.833333333333334,4.0625,1.0
1712.0,1.03125,1.0,1.0,1.0,1.0789473684210527,1.2451923076923077,4.0,3.0,4.125,3.5,3.0,3.0,3.25,3.071428571428571,3.638888888888889,3.5625,1.7857142857142856
1713.0,1.03125,1.25,1.0,1.0,1.0,1.0400641025641026,3.8,3.4,2.5,3.75,4.0,4.0,4.0,4.0,3.388888888888889,2.0625,1.7857142857142856
1714.0,1.03125,1.0,1.0,1.05,1.05,1.423076923076923,3.5,2.5,3.25,2.75,3.0,3.0,2.5,2.857142857142857,3.0,4.5625,1.5
1715.0,1.03125,1.3125,1.1111111111111112,1.0,1.35,1.5192307692307692,3.3,2.1,2.625,2.875,1.5,1.1666666666666665,1.5,1.3571428571428572,2.7222222222222223,4.0625,3.1428571428571432
1716.0,1.0,1.0,1.0,1.0,1.0,1.0,5.0,5.0,5.0,5.0,4.5,4.5,4.5,4.5,5.0,4.625,1.0
1717.0,1.03125,1.0,1.0,1.0454545454545454,1.125,1.3076923076923077,3.7,3.3,4.75,4.0,4.0,3.5,3.875,3.75,3.8888888888888893,3.625,1.9285714285714288
1718.0,1.0,1.0625,1.0,1.0,1.0,1.0,5.0,4.5,4.875,5.0,4.5,4.25,4.5,4.392857142857142,4.833333333333334,4.5625,1.0
1719.0,1.19375,1.25,1.1805555555555556,1.1363636363636362,1.3,1.673076923076923,3.2,2.2,2.75,2.5,3.0,2.5,3.0,2.7857142857142856,2.666666666666667,4.1875,3.5
1720.0,1.0,1.0625,1.0,1.0,1.0,1.0,5.0,4.7,4.5,5.0,4.5,4.5,4.5,4.5,4.805555555555555,4.6875,1.0
1721.0,1.0,1.0,1.0,1.0,1.0,1.0,4.5,4.5,4.125,4.5,4.0,4.0,4.0,4.0,4.416666666666666,3.9375,1.0
1722.0,1.0,1.0,1.0,1.0,1.0,1.0,4.5,4.2,4.5,4.5,4.0,4.0,4.0,4.0,4.416666666666666,3.5,1.0
1723.0,1.0,1.0,1.0,1.0,1.0,1.0,4.5,4.5,4.375,5.0,4.0,4.0,4.0,4.0,4.583333333333334,4.8125,1.0
1724.0,1.0333333333333332,1.625,1.0,1.0,1.0,1.0,4.2,3.4,2.25,5.0,3.0,3.0,3.0,3.0,3.7222222222222223,3.0625,1.0
1725.0,1.0,1.0,1.0,1.0,1.0,1.0,5.0,5.0,5.0,5.0,5.0,5.0,5.0,5.0,5.0,5.0,1.0
1726.0,1.03125,1.0,1.0,1.0,1.1,1.0576923076923077,4.3,4.0,4.25,4.5,4.0,4.0,4.0,4.0,4.25,4.1875,1.3571428571428572
1727.0,1.0,1.25,1.0,1.0454545454545454,1.0,1.433846153846154,3.9000000000000004,2.1,2.5,3.125,1.5,1.5,1.5,1.5,2.9166666666666665,3.25,1.0
1801.0,1.0,1.0,1.0,1.0,1.0,1.0,5.0,4.3,4.0,4.875,3.75,4.0,3.5,3.7857142857142856,4.555555555555555,3.375,1.0
1802.0,1.0625,1.1875,1.0,1.0,1.0,1.0,4.9,4.3,3.75,4.75,3.375,3.416666666666667,3.5,3.4285714285714284,4.444444444444445,3.375,1.0
1803.0,1.0625,1.5,1.5,1.0909090909090908,1.0,1.173076923076923,4.3,3.2,3.375,4.0,2.875,2.833333333333333,2.75,2.821428571428571,3.7222222222222223,2.5625,1.0714285714285714
1804.0,1.03125,1.0,1.0,1.0,1.125,1.3846153846153846,4.2,4.2,4.75,4.5,3.375,3.3333333333333335,3.375,3.3571428571428568,4.388888888888889,3.5625,1.0
1805.0,1.0,1.0625,1.0,1.0,1.0,1.0576923076923077,5.0,4.199999999999999,4.625,4.375,3.5,3.5,3.5,3.5,4.555555555555555,3.125,1.7142857142857142
1806.0,1.0625,1.125,1.0,1.0,1.0,1.173076923076923,4.2,4.0,4.166666666666666,4.25,3.0,3.0,2.75,2.928571428571429,4.143790849673202,3.6875,1.1428571428571428
1807.0,1.25,1.1875,1.2777777777777777,1.0909090909090908,1.05,1.22,4.0,3.7,3.875,4.125,3.375,3.5,3.0,3.321428571428571,3.916666666666667,3.875,1.2142857142857144
1808.0,1.125,1.0,1.0,1.0454545454545454,1.15,1.423076923076923,4.1,4.0,4.25,4.5,3.5,3.5,3.5,3.5,4.194444444444445,2.875,1.2142857142857144
1809.0,1.0,1.0,1.0,1.0,1.0,1.0,5.0,4.6,4.625,5.0,4.125,4.333333333333334,4.0,4.178571428571429,4.805555555555555,3.125,1.0
1810.0,1.0,1.0,1.0,1.0,1.35,1.8076923076923075,4.0,3.5,4.25,4.25,4.5,3.833333333333333,3.5,3.928571428571429,3.9722222222222223,3.5,3.5714285714285716
1811.0,1.0,1.0625,1.0,1.0,1.0,1.0,4.8,4.199999999999999,4.125,5.0,3.5,3.583333333333333,3.875,3.642857142857143,4.527777777777779,2.8125,1.0
1812.0,1.03125,1.0625,1.0,1.0,1.0,1.0,5.0,4.5,4.5,5.0,3.75,3.833333333333333,4.0,3.857142857142857,4.75,3.125,1.0
1813.0,1.03125,1.125,1.0,1.0,1.0,1.0384615384615383,4.5,4.199999999999999,4.0,5.0,3.5,3.5,3.5,3.5,4.416666666666667,2.6875,1.0
1814.0,1.0625,1.125,1.0,1.0,1.0,1.1346153846153846,5.0,4.2,4.25,4.5,3.0,3.0,3.0,3.0,4.5,3.6875,1.0
1815.0,1.0,1.0,1.0,1.0,1.0,1.0576923076923077,4.5,4.4,4.125,5.0,3.625,3.5,3.5,3.5357142857142856,4.5,2.5625,1.0
1816.0,1.0,1.125,1.0,1.0,1.025,1.1538461538461537,4.5,4.0,3.875,4.375,3.75,4.0,4.0,3.928571428571429,4.194444444444445,2.625,1.0
1817.0,1.03125,1.0,1.2777777777777777,1.0,1.0,1.0192307692307692,5.0,4.3,4.125,4.875,3.75,3.75,3.625,3.7142857142857144,4.583333333333333,2.1875,1.0
1901.0,1.0,1.0,1.0,1.0,1.0,1.0,4.9,5.0,5.0,5.0,3.5,3.5,4.0,3.6428571428571432,4.972222222222222,4.25,1.0
1902.0,1.15625,1.0,1.0,1.5454545454545454,2.05,1.7884615384615383,2.2,1.7,2.875,2.0,2.0,2.0,2.0,2.0,2.168300653594771,3.25,3.7142857142857144
1903.0,1.0,1.25,1.0,1.0,1.025,1.0,4.5,4.0,4.375,4.25,2.5,2.5,2.5,2.5,4.277777777777778,4.3125,1.0714285714285714
1904.0,1.3125,1.75,1.0,1.5454545454545454,2.2,2.0576923076923075,3.0,2.2,2.875,2.125,1.5,1.0,1.5,1.2857142857142856,2.5555555555555554,4.0,3.8571428571428577
1905.0,1.0,1.0,1.0,1.0,1.0,1.0,4.9,4.7,4.75,4.875,3.5,3.5,3.5,3.5,4.805555555555555,4.1875,1.1428571428571428
1906.0,1.125,1.0625,1.0,1.1363636363636362,1.1,1.4423076923076923,4.5,2.2,3.0,2.875,2.5,2.75,2.5,2.607142857142857,3.1666666666666665,4.3125,1.7142857142857142
1907.0,1.0,1.0,1.0,1.0454545454545454,1.125,1.6346153846153846,4.2,2.0,2.25,1.75,2.0,2.0,2.5,2.142857142857143,2.611111111111111,4.625,1.6428571428571428
1908.0,1.03125,1.125,1.0,1.0454545454545454,1.0,1.0,5.0,4.8,5.0,5.0,3.0,3.416666666666667,3.5,3.321428571428571,4.944444444444445,4.25,1.0
1909.0,1.0,1.1875,1.0,1.1818181818181817,1.05,1.1923076923076923,3.8,3.3,2.125,2.625,1.0,1.0,1.0,1.0,3.0277777777777777,2.5625,1.3571428571428572
1910.0,1.0,1.1875,1.0,1.0,1.0,1.0961538461538463,4.1,4.2,3.625,4.5,3.0,3.0,3.0,3.0,4.111111111111111,3.3125,1.4285714285714286
1911.0,1.0333333333333332,1.0,1.0,1.0454545454545454,1.25,1.3461538461538463,4.7,4.3,4.75,3.75,2.5,3.0,2.5,2.7142857142857144,4.388888888888889,4.5625,1.2142857142857144
1912.0,1.0,1.0,1.0,1.0954545454545455,1.5750000000000002,1.6538461538461537,3.0,2.8,3.0,2.875,2.5,3.0,2.5,2.7142857142857144,2.916666666666667,3.3125,2.7142857142857144
1913.0,1.1291666666666667,1.0,1.0,1.0909090909090908,1.475,1.1538461538461537,3.8,3.4000000000000004,3.875,3.5,2.0,2.5,2.5,2.357142857142857,3.638888888888889,4.875,4.285714285714286
2001.0,1.0625,1.125,1.0,1.0,1.0,1.0,5.0,4.0,4.25,4.875,2.75,3.0,2.875,2.892857142857143,4.527777777777778,3.625,1.0
2002.0,1.0,1.0,1.0,1.0454545454545454,1.1776315789473686,1.4461538461538461,3.6,2.2,3.375,3.375,2.125,2.25,2.25,2.2142857142857144,3.111111111111111,2.875,1.5
2003.0,1.0,1.0,1.0,1.0,1.15,1.4038461538461537,3.7,3.7,3.875,3.875,3.75,3.333333333333333,3.75,3.5714285714285716,3.7777777777777777,3.4375,1.5714285714285714
2004.0,1.0,1.0,1.0,1.0454545454545454,1.15,1.1569230769230767,3.8,3.7,3.625,4.0,3.75,3.6666666666666665,3.625,3.6785714285714284,3.7777777777777777,3.4375,1.5
2005.0,1.0,1.0,1.0,1.0909090909090908,1.1776315789473686,1.5576923076923077,3.3,1.8,3.0,2.5,2.375,1.8333333333333335,2.0,2.0357142857142856,2.638888888888889,2.0,2.4285714285714284
2006.0,1.0,1.0,1.0,1.0,1.025,1.0192307692307692,4.2,4.3,4.25,4.375,3.125,3.0,3.25,3.107142857142857,4.277777777777778,4.125,1.0
2007.0,1.0,1.0625,1.0,1.0,1.0,1.1153846153846154,4.5,4.5,4.375,4.25,4.5,4.166666666666666,4.375,4.321428571428571,4.416666666666666,2.375,1.2142857142857144
2008.0,1.0,1.0625,1.0,1.0,1.0,1.0,4.5,4.3,4.25,4.5,3.875,4.0,3.875,3.9285714285714284,4.388888888888889,3.75,1.1428571428571428
2009.0,1.03125,1.0,1.0,1.0454545454545454,1.025,1.2884615384615383,3.5999999999999996,3.3,4.125,2.875,2.375,2.0833333333333335,2.25,2.2142857142857144,3.4722222222222223,3.1875,1.5
2010.0,1.0,1.0,1.0,1.0,1.025,1.0384615384615383,4.4,4.5,4.25,4.5,4.0,4.25,4.0,4.107142857142858,4.416666666666666,2.9375,1.5
2011.0,1.0,1.0625,1.0,1.0454545454545454,1.225,1.5192307692307692,3.5,2.1,3.0,2.75,2.0,2.0,2.25,2.071428571428571,2.833333333333333,2.4375,3.2857142857142856
2012.0,1.0,1.0625,1.0,1.0,1.025,1.1153846153846154,4.2,4.0,4.25,4.5,4.0,4.333333333333334,3.75,4.071428571428571,4.222222222222222,3.375,1.0
2013.0,1.0625,1.625,1.0,1.0909090909090908,1.275,1.7307692307692308,3.5,1.5,2.375,1.75,1.5,1.4166666666666665,1.5,1.4642857142857144,2.3055555555555554,1.5625,2.857142857142857
2014.0,1.0,1.0,1.0,1.0,1.05,1.4615384615384617,3.5,2.5,3.625,3.0,2.0,2.0,2.0,2.0,3.138888888888889,2.8125,1.0
2015.0,1.0,1.3125,1.0,1.1818181818181817,1.025,1.1153846153846154,4.3,5.0,4.5,4.25,3.875,4.25,3.75,4.0,4.571428571428571,2.75,1.3571428571428572
2016.0,1.0,1.0,1.0,1.0454545454545454,1.05,1.0769230769230769,4.3,4.1,4.625,5.0,3.375,3.75,3.5,3.571428571428571,4.472222222222222,4.25,1.2142857142857144
2017.0,1.0,1.0,1.0,1.0454545454545454,1.1,1.2307692307692308,4.5,5.0,4.75,4.75,4.125,3.833333333333333,4.25,4.035714285714286,4.75,2.4375,1.2857142857142856
2101.0,1.0979166666666667,1.5625,1.1111111111111112,1.0454545454545454,1.0,1.1161538461538463,4.6,2.8,2.75,3.875,2.875,3.0,3.125,3.0,3.5277777777777777,2.5,1.2857142857142858
2102.0,1.03125,1.625,1.0555555555555556,1.1454545454545455,1.1,1.75,2.9,2.2,2.0,2.25,3.0,3.0,2.5,2.8571428571428568,2.361111111111111,2.375,2.4285714285714284
2103.0,1.09375,1.0625,1.0,1.0,1.0,1.0,4.0,4.5,4.25,5.0,3.75,3.666666666666667,3.625,3.678571428571429,4.416666666666666,3.5625,1.0
2104.0,1.03125,1.0,1.0,1.0,1.0,1.0,4.9,4.199999999999999,4.625,5.0,3.375,3.0,3.375,3.2142857142857144,4.666666666666666,3.5,1.0
2105.0,1.03125,1.125,1.0,1.0,1.0,1.0,4.8,4.0,4.125,5.0,3.5,3.0,4.125,3.4642857142857144,4.472222222222222,2.875,1.0
2106.0,1.03125,1.1875,1.0,1.0,1.0,1.0,3.8,4.3,4.25,4.75,3.5,3.166666666666667,3.375,3.321428571428571,4.25,3.4375,1.0
2107.0,1.0,1.125,1.0,1.0,1.0,1.0,5.0,4.0,4.25,5.0,3.375,3.25,3.375,3.321428571428571,4.555555555555555,3.125,1.1428571428571428
2108.0,1.0625,1.3125,1.0,1.0,1.025,1.1538461538461537,4.6,3.2,3.5,4.25,3.75,3.333333333333333,3.375,3.4752747252747254,3.888888888888889,2.875,1.2142857142857144
2109.0,1.09375,1.0,1.0,1.0,1.0,1.0576923076923077,4.5,4.2,4.5,4.625,3.625,3.5,3.875,3.642857142857143,4.444444444444445,3.25,1.0
2110.0,1.03125,1.0,1.0,1.0909090909090908,1.05,1.2692307692307692,3.8000000000000003,3.3,3.5,3.25,3.25,3.166666666666667,3.625,3.321428571428571,3.4722222222222223,3.625,1.0
2111.0,1.0625,1.0625,1.0,1.0,1.025,1.173076923076923,4.6,4.2,4.625,4.75,3.25,3.833333333333333,3.25,3.5,4.527777777777778,4.1875,1.2857142857142856
2112.0,1.03125,1.0,1.0,1.0,1.0,1.1153846153846154,4.3,4.1,3.875,4.0,3.125,3.583333333333333,2.875,3.25,4.083333333333334,3.125,1.4285714285714286
2113.0,1.0,1.0,1.0,1.0454545454545454,1.025,1.1153846153846154,5.0,4.5,4.5,4.25,3.0,3.25,3.125,3.1428571428571432,4.583333333333334,4.0,1.1428571428571428
2114.0,1.0625,1.125,1.0,1.0,1.0,1.0,5.0,4.3,4.25,5.0,3.25,3.416666666666667,3.25,3.321428571428571,4.638888888888889,3.1875,1.0
2115.0,1.03125,1.1875,1.0,1.0,1.0,1.0,4.9,4.6,4.75,5.0,3.5,3.666666666666667,3.5,3.571428571428571,4.805555555555555,3.375,1.0714285714285714
2116.0,1.0,1.0,1.0,1.0,1.0,1.0,5.0,4.4,4.375,5.0,3.5,3.833333333333333,3.5,3.642857142857143,4.694444444444445,3.125,1.0
2117.0,1.09375,1.125,1.0,1.0,1.0,1.1153846153846154,4.2,3.6,4.25,4.375,3.125,3.333333333333333,3.125,3.2142857142857144,4.083333333333333,3.5,1.1428571428571428
2118.0,1.03125,1.0,1.0,1.0,1.0,1.0,4.9,4.6,4.5,5.0,3.75,3.5,3.625,3.607142857142857,4.75,3.5625,1.0
2119.0,1.0,1.0625,1.0,1.0454545454545454,1.0,1.1538461538461537,4.2,2.8,3.25,4.0,2.875,3.0,2.875,2.928571428571429,3.5555555555555554,3.0,1.0714285714285714
2120.0,1.0,1.0,1.0,1.0454545454545454,1.025,1.3269230769230769,4.0,3.9,4.125,4.375,3.25,3.333333333333333,3.25,3.2857142857142856,4.083333333333333,2.8125,1.3571428571428572
2121.0,1.09375,1.0,1.0,1.0,1.025,1.1346153846153846,4.2,4.1,4.125,4.25,3.125,3.25,3.0,3.1428571428571432,4.166666666666667,3.5,1.0714285714285714
2122.0,1.3125,1.625,1.0555555555555556,1.1363636363636362,1.1,1.5,2.8,1.9,1.875,2.125,2.625,3.083333333333333,2.75,2.857142857142857,2.1944444444444446,2.625,2.4285714285714284
2123.0,1.03125,1.0,1.0,1.0,1.0,1.0961538461538463,4.4,3.9,4.375,4.375,2.875,3.083333333333333,2.875,2.9642857142857144,4.25,3.6875,1.1428571428571428
2201.0,1.1875,1.75,1.0,1.4090909090909092,2.1328947368421054,1.7307692307692308,2.6,2.5,3.125,3.25,2.0,2.166666666666667,2.25,2.142857142857143,2.8333333333333335,3.3125,3.642857142857143
2202.0,1.0625,1.125,1.0,1.0954545454545455,1.225,1.3269230769230769,3.2,2.3,3.0,3.375,2.125,2.333333333333333,2.5,2.321428571428571,2.9444444444444446,3.125,2.5
2203.0,1.225,1.1875,1.0555555555555556,1.2272727272727273,1.65,1.3076923076923075,2.7,2.8,3.125,3.625,2.0,2.416666666666667,2.75,2.392857142857143,3.0277777777777777,3.375,3.6428571428571432
2204.0,1.03125,1.0,1.0,1.0909090909090908,1.125,1.326923076923077,3.5,3.4,4.0,3.375,2.75,3.0,2.625,2.821428571428571,3.5555555555555554,4.0,2.0714285714285716
2205.0,1.03125,1.0,1.0,1.0,1.0,1.0227272727272727,4.2,3.7,3.875,4.125,2.5,3.083333333333333,3.0,2.892857142857143,3.9722222222222223,4.25,1.0714285714285714
2206.0,1.03125,1.0625,1.0,1.0454545454545454,1.0789473684210527,1.0976923076923077,3.8,3.5,3.625,4.0,2.625,2.583333333333333,3.0,2.7142857142857144,3.7222222222222223,3.9375,1.2857142857142856
2207.0,1.03125,1.125,1.0,1.0,1.0,1.0192307692307692,4.7,4.2,4.5,4.5,3.0,2.75,3.0,2.892857142857143,4.472222222222222,4.25,1.0714285714285714
2208.0,1.0,1.375,1.0,1.0454545454545454,1.025,1.0,4.8,4.3,3.375,4.875,2.5,3.25,3.0,2.9642857142857144,4.361111111111111,2.75,1.0714285714285714
2209.0,1.0,1.0,1.0,1.0,1.2,1.5769230769230769,4.0,2.6,4.0,2.5,3.0,2.6666666666666665,2.75,2.7857142857142856,3.2777777777777777,4.25,2.857142857142857
2210.0,1.0,1.25,1.0,1.1818181818181819,1.0526315789473684,1.08,4.4,3.2,3.5,3.5,2.25,3.1666666666666665,2.75,2.7857142857142856,3.6666666666666665,3.375,1.0
2211.0,1.0,1.0,1.0,1.0,1.55,1.8,2.2,1.6,1.0,1.25,2.0,2.0,2.0,2.0,1.5555555555555556,1.75,3.4285714285714284
2212.0,1.0,1.0,1.0,1.4,2.0,1.9615384615384615,2.2,1.0,2.25,1.0,2.0,2.0,2.0,2.0,1.6111111111111112,3.625,4.857142857142857
2213.0,1.0625,1.125,1.0,1.0,1.0,1.0,4.2,2.8,2.75,3.5,2.0,2.1666666666666665,2.25,2.142857142857143,3.3333333333333335,2.5,2.142857142857143
2214.0,1.0,1.0,1.0,1.4545454545454546,1.55,1.7307692307692308,2.8,2.4,3.75,3.5,2.0,2.0,2.0,2.0,3.0555555555555554,4.125,3.2857142857142856
2216.0,1.1979166666666665,1.375,1.0,1.4545454545454546,2.375,2.002307692307692,2.0,1.5,2.375,2.875,2.0,2.083333333333333,2.375,2.1428571428571432,2.138888888888889,3.1875,4.142857142857142
2301.0,1.0,1.25,1.0,1.0,1.0,1.1346153846153846,4.9,3.3,2.5,3.75,2.5,3.083333333333333,2.875,2.8571428571428568,3.6666666666666665,3.125,1.0714285714285714
2302.0,1.0,1.0,1.0,1.0454545454545454,1.0,1.1730769230769231,4.8,4.9,4.5,5.0,4.5,4.5,4.625,4.535714285714286,4.805555555555555,4.125,1.2142857142857144
2303.0,1.03125,1.0625,1.0,1.0909090909090908,1.0,1.1346153846153846,4.6,3.0,4.375,4.25,3.5,2.833333333333333,2.875,3.0357142857142856,4.027777777777778,3.375,1.1428571428571428
2304.0,1.0,1.0,1.0,1.0,1.1565789473684212,1.5961538461538463,3.1,1.9000000000000001,2.0,3.75,2.25,2.333333333333333,2.25,2.2857142857142856,2.666666666666667,2.375,2.2142857142857144
2305.0,1.0,1.1875,1.0,1.0,1.0,1.0,5.0,5.0,3.625,5.0,4.0,3.833333333333333,3.5,3.7857142857142856,4.694444444444445,3.0,1.0
2307.0,1.0,1.3125,1.1111111111111112,1.0,1.025,1.0576923076923077,5.0,3.9,3.75,4.25,3.5,4.0,3.5,3.7142857142857144,4.25,3.125,1.0714285714285714
2308.0,1.0,1.0,1.0,1.0,1.05,1.1923076923076923,3.8,3.4,2.875,4.125,3.0,3.0,2.5,2.857142857142857,3.5555555555555554,2.25,1.3571428571428572
2309.0,1.0,1.0625,1.0,1.0,1.0,1.0,4.5,3.0,3.125,4.5,3.5,3.5,3.5,3.5,3.761437908496732,2.5,1.1428571428571428
2310.0,1.0625,1.0,1.0,1.0909090909090908,1.0789473684210527,1.25,4.3,4.2,4.375,4.875,3.5,3.75,3.75,3.6785714285714284,4.416666666666666,4.0625,1.2857142857142856
2311.0,1.0,1.125,1.0,1.0,1.025,1.0192307692307692,5.0,4.5,4.25,5.0,4.0,3.833333333333333,3.5,3.7857142857142856,4.694444444444445,2.625,1.2857142857142858
2312.0,1.0,1.0,1.0,1.0,1.025,1.0192307692307692,4.6,4.7,4.625,5.0,4.0,4.0,4.0,4.0,4.722222222222222,2.75,1.0
2313.0,1.0,1.0625,1.0,1.0,1.0,1.0192307692307692,5.0,4.1,3.5,5.0,4.0,4.0,4.5,4.142857142857142,4.416666666666667,3.125,1.0
2314.0,1.0,1.0,1.0,1.0,1.0,1.0192307692307692,4.5,4.5,4.25,5.0,4.5,4.5,4.5,4.5,4.555555555555555,2.5,1.0
2315.0,1.0,1.0,1.0,1.0,1.0,1.0,5.0,4.5,4.0,5.0,4.0,4.0,4.0,4.0,4.638888888888889,2.625,1.0
2316.0,1.0,1.0,1.0,1.0454545454545454,1.1,1.1953846153846155,4.3,2.8,3.25,4.375,3.0,2.5,2.625,2.678571428571429,3.6666666666666665,2.625,1.2142857142857144
2317.0,1.0,1.0,1.0,1.0,1.05,1.1538461538461537,4.4,3.0,2.875,5.0,3.5,3.416666666666667,3.0,3.321428571428571,3.8055555555555554,2.8125,1.0714285714285714
2318.0,1.0,1.0625,1.0,1.0,1.025,1.0192307692307692,5.0,3.5,2.625,5.0,3.5,3.5,3.0,3.357142857142857,4.055555555555555,2.5,1.0
2319.0,1.0,1.125,1.0,1.0,1.0,1.02,4.5,4.5,3.5,4.875,3.0,3.5,3.5,3.357142857142857,4.361111111111111,2.5625,1.0
2321.0,1.0,1.1875,1.0555555555555556,1.1363636363636362,1.4249999999999998,2.1153846153846154,2.4000000000000004,1.5,1.75,2.5,1.0,1.0,1.0,1.0,2.0277777777777777,3.4375,2.571428571428571
2323.0,1.0,1.4375,1.0625,1.0,1.05,1.5192307692307692,2.4,1.0,1.25,1.75,1.0,1.0,1.0,1.0,1.6111111111111112,1.9375,1.6428571428571428
2401.0,1.03125,1.0625,1.0555555555555556,1.0,1.025,1.2692307692307692,4.1,2.6,1.625,2.375,1.0,1.1666666666666665,1.375,1.1785714285714284,2.75,2.9375,1.0714285714285714
2402.0,1.0,1.0,1.0,1.0,1.125,1.4615384615384617,4.1,1.9000000000000001,2.375,3.75,2.0,3.0,3.0,2.7142857142857144,3.0277777777777777,3.5,1.5714285714285714
2403.0,1.15625,1.0,1.0,1.0,1.0,1.0384615384615383,5.0,4.1,2.875,5.0,2.5,2.5,2.75,2.571428571428571,4.277777777777778,3.75,1.0
2404.0,1.125,1.0,1.0,1.0,1.0789473684210527,1.0769230769230769,4.9,4.699999999999999,4.75,5.0,3.5,3.5,3.5,3.5,4.833333333333334,3.75,1.0
2405.0,1.0625,1.0625,1.0,1.0,1.025,1.0576923076923077,5.0,4.3,3.5,5.0,3.0,3.0,3.0,3.0,4.472222222222221,3.9375,1.0
2406.0,1.03125,1.1875,1.0,1.0909090909090908,1.175,1.5192307692307692,3.6,3.3,3.0,4.0,2.5,2.5,2.5,2.5,3.4722222222222223,2.5,1.8571428571428572
2407.0,1.0625,1.0,1.0,1.0,1.0,1.0384615384615383,4.8,4.4,4.0,5.0,3.0,3.0,3.375,3.107142857142857,4.555555555555555,3.625,1.0
2408.0,1.03125,1.0,1.0,1.0,1.0,1.0576923076923077,5.0,4.3,4.125,5.0,2.5,2.583333333333333,2.875,2.642857142857143,4.611111111111111,4.0,1.0
2409.0,1.15625,1.0,1.0,1.0,1.05,1.0769230769230769,4.6,4.699999999999999,5.0,5.0,3.5,3.5,3.5,3.5,4.805555555555555,4.375,1.0714285714285714
2410.0,1.0,1.0,1.0,1.0,1.025,1.1730769230769231,4.9,3.4000000000000004,3.375,5.0,3.0,3.0,3.0,3.0,4.166666666666667,4.3125,1.0
2411.0,1.09375,1.0,1.0,1.0,1.05,1.1923076923076923,5.0,4.9,4.875,5.0,4.0,3.5,3.875,3.75,4.944444444444445,3.8125,1.0
2412.0,1.0,1.0,1.0,1.0454545454545454,1.075,1.3076923076923077,4.0,3.5,3.75,5.0,2.5,2.5,2.5,2.5,4.027777777777778,3.75,1.0714285714285714
2413.0,1.0,1.125,1.0,1.0,1.0,1.0,5.0,5.0,4.625,5.0,4.0,4.0,4.125,4.035714285714286,4.916666666666666,4.125,1.0
2414.0,1.09375,1.6875,1.0,1.0909090909090908,1.0,1.1153846153846154,3.8,4.3,3.5,5.0,3.125,3.25,3.0,3.142857142857143,4.138888888888889,2.25,1.6428571428571428
2415.0,1.0,1.0,1.0,1.0454545454545454,1.0,1.2692307692307692,5.0,3.6999999999999997,3.875,4.375,2.5,2.5,2.875,2.607142857142857,4.25,3.9375,1.0
2416.0,1.0,1.0,1.0,1.1363636363636362,1.175,1.4623076923076923,3.9,3.6999999999999997,3.875,3.875,3.125,3.166666666666667,3.5,3.25,3.833333333333333,3.5,1.3571428571428572
2417.0,1.0,1.0,1.0,1.0,1.0,1.1538461538461537,4.5,4.1,4.875,4.875,3.0,3.0,3.0,3.0,4.555555555555555,4.0,1.0
2418.0,1.0625,1.5625,1.0,1.1818181818181817,1.0,1.2692307692307692,4.0,3.4,2.25,4.75,2.5,2.3333333333333335,2.5,2.428571428571429,3.6111111111111107,4.1875,1.0
2419.0,1.09375,1.1875,1.0,1.0,1.025,1.2692307692307692,4.7,3.2,2.625,3.5,1.5,1.5,1.5,1.5,3.5555555555555554,4.125,1.0
2420.0,1.03125,1.1875,1.0,1.0,1.0,1.0384615384615383,5.0,4.4,3.75,4.875,3.0,3.166666666666667,3.0,3.071428571428571,4.527777777777778,3.875,1.0
2421.0,1.15625,1.0625,1.0555555555555556,1.3636363636363638,1.3,2.076923076923077,3.3,2.2,3.0,3.0,2.125,2.5,2.5,2.392857142857143,2.861111111111111,3.4375,2.5
2422.0,1.0625,1.25,1.0,1.0,1.0,1.12,4.9,3.7,2.25,4.5,1.5,1.5,1.5,1.5,3.8888888888888893,3.5625,1.0
2423.0,1.0,1.0625,1.0,1.0454545454545454,1.05,1.1538461538461537,4.6,4.0,4.5,5.0,3.0,3.0,3.0,3.0,4.5,3.3125,1.0
2501.0,1.0,1.0625,1.0,1.0,1.0,1.0576923076923077,4.5,4.0,4.125,4.5,3.625,3.333333333333333,3.75,3.5357142857142856,4.277777777777778,3.3125,1.7857142857142858
2502.0,1.09375,1.8125,1.1111111111111112,1.3636363636363638,1.1026315789473684,1.8076923076923077,3.0,2.0,1.625,3.125,3.125,2.916666666666667,2.75,2.928571428571429,2.4444444444444446,2.8125,2.7142857142857144
2503.0,1.03125,1.0625,1.0,1.0,1.0,1.0192307692307692,5.0,4.3,4.375,4.5,3.25,3.25,3.875,3.428571428571429,4.555555555555555,3.5625,1.0714285714285714
2504.0,1.0,1.0,1.0,1.0,1.0,1.0,4.4,4.4,5.0,4.75,4.5,4.25,4.125,4.285714285714286,4.611111111111111,3.5,1.0
2505.0,1.03125,1.25,1.0,1.1363636363636362,1.05,1.0961538461538463,3.3,2.6,2.5,2.875,3.0,3.0,3.0,3.0,2.8333333333333335,3.0,2.2142857142857144
2506.0,1.0,1.0,1.0,1.0909090909090908,1.0,1.0,4.3,4.5,4.5,4.5,4.0,3.75,3.875,3.857142857142857,4.444444444444445,3.5625,1.5
2507.0,1.09375,1.1875,1.0,1.0,1.0,1.0192307692307692,4.5,4.4,4.0,4.75,3.5,3.6666666666666665,3.75,3.642857142857143,4.416666666666666,3.25,1.0
2508.0,1.0,1.0,1.0,1.0,1.15,1.1923076923076923,4.2,3.6,4.125,3.625,3.0,3.166666666666667,3.0,3.071428571428571,3.8888888888888893,3.3125,2.0
2509.0,1.0,1.5,1.0,1.0909090909090908,1.025,1.1153846153846154,4.1,2.8000000000000003,3.0,4.0,3.0,3.083333333333333,3.375,3.142857142857143,3.4722222222222223,3.375,2.071428571428571
2510.0,1.0,1.125,1.0,1.0,1.025,1.0192307692307692,4.5,4.4,4.5,4.5,3.0,3.5,3.875,3.4642857142857144,4.472222222222222,3.5625,2.0
2511.0,1.03125,1.0,1.0,1.0454545454545454,1.025,1.3461538461538463,3.9000000000000004,3.2,3.25,4.125,3.0,3.0,2.75,2.9,3.611111111111111,3.125,1.3571428571428572
2512.0,1.15625,1.125,1.0555555555555556,1.0909090909090908,1.0,1.1538461538461537,4.2,3.9,4.5,4.75,3.0,3.166666666666667,3.25,3.2,4.305555555555555,2.9375,1.2142857142857144
2513.0,1.1333333333333333,1.1875,1.0,1.0909090909090908,1.0,1.0192307692307692,4.6,4.5,4.875,5.0,4.0,4.0,4.0,4.0,4.722222222222222,2.625,1.0
2514.0,1.0625,1.0,1.0,1.0454545454545454,1.026315789473684,1.3653846153846154,4.7,3.6999999999999997,3.75,3.75,3.0,2.666666666666667,2.75,2.7,4.0,2.9375,1.1428571428571428
2515.0,1.03125,1.1875,1.0,1.0454545454545454,1.0,1.0961538461538463,4.2,3.2,3.625,4.375,3.0,3.0,3.0,3.0,3.833333333333333,3.125,1.0
2516.0,1.0625,1.5625,1.3333333333333335,1.1454545454545455,1.0,1.3846153846153846,4.1,2.4,2.375,3.5,3.0,2.916666666666667,3.0,2.95,3.111111111111111,2.75,1.1428571428571428
2517.0,1.03125,1.0,1.0,1.1363636363636362,1.375,1.5,3.5999999999999996,3.8,4.375,4.0,3.0,2.833333333333333,3.5,3.0428571428571427,3.916666666666667,3.75,1.5
2518.0,1.0,1.0,1.0,1.0,1.0,1.0192307692307692,4.2,4.1,4.5,4.5,3.0,3.166666666666667,3.5,3.3,4.305555555555555,3.75,1.2142857142857144
2519.0,1.0958333333333332,1.0625,1.0,1.0,1.0,1.1400000000000001,4.1,3.1,3.375,4.375,3.0,3.0,3.0,3.0,3.7222222222222223,2.375,1.1428571428571428
2520.0,1.625,1.1875,1.0,1.1818181818181819,1.1,1.173076923076923,3.4,4.0,4.5,4.5,3.0,3.416666666666667,3.5,3.45,4.055555555555555,3.4375,1.8571428571428572
2521.0,1.0,1.3125,1.0,1.0,1.0,1.0,4.8,3.7,3.5,5.0,3.0,2.833333333333333,3.0,2.9,4.25,2.625,1.0
